                  epoch,         train/box_loss,         train/cls_loss,         train/dfl_loss,   metrics/precision(B),      metrics/recall(B),       metrics/mAP50(B),    metrics/mAP50-95(B),           val/box_loss,           val/cls_loss,           val/dfl_loss,                 lr/pg0,                 lr/pg1,                 lr/pg2
                      1,                0.74795,                 3.8183,                 1.2755,                0.03678,                0.89332,                0.16845,                 0.1475,                0.58721,                 3.7057,                 1.1447,              0.0001547,              0.0001547,              0.0001547
                      2,                 0.6981,                 2.8363,                 1.2339,                0.48311,                0.38695,                0.41628,                0.33282,                0.75077,                 2.6834,                 1.2959,             0.00031026,             0.00031026,             0.00031026
                      3,                0.68292,                 2.1245,                 1.2095,                0.40073,                0.44577,                0.42222,                0.31615,                0.77971,                 2.5908,                 1.3445,             0.00046269,             0.00046269,             0.00046269
                      4,                0.67405,                 1.8209,                 1.1908,                0.62242,                0.47872,                0.55788,                0.44566,                0.74247,                 2.6786,                 1.4002,             0.00046186,             0.00046186,             0.00046186
